fecha,version_r,sistema_operativo,descargas
2019-06-02,3.5.2,src,6
2019-06-02,3.5.3,src,2
2019-06-02,2.11.1,osx,1
2019-06-02,3.3.0,osx,5
2019-06-02,2.12.0,osx,1
2019-06-02,3.0.1,osx,1
2019-06-02,2.14.1,osx,1
2019-06-02,3.2.0,src,1
2019-06-02,3.3.2,src,1
2019-06-02,3.1.2,src,2
2019-06-02,2.13.2,osx,1
2019-06-02,latest,osx,261
2019-06-02,3.5.3,win,42
2019-06-02,3.5.2,win,1
2019-06-02,3.4.4,osx,48
2019-06-02,3.5.0,src,1
2019-06-02,3.2.1,src,1
2019-06-02,2.12.0,src,1
2019-06-02,2.13.1,osx,1
2019-06-02,3.6.0,osx,278
2019-06-02,3.5.0,osx,1
2019-06-02,3.5.1,src,6
2019-06-02,2.15.3,osx,1
2019-06-02,3.4.4,src,5
2019-06-02,3.6.0patched,win,157
2019-06-02,3.3.2,osx,1
2019-06-02,2.15.2,osx,1
2019-06-02,3.1.0,win,1
2019-06-02,3.2.4,osx,7
2019-06-02,3.4.1,src,1
2019-06-02,2.10.0,osx,1
2019-06-02,3.2.5,src,2
2019-06-02,3.4.4,win,4
2019-06-02,3.5.3,osx,52
2019-06-02,3.5.2,osx,3
2019-06-02,3.5.1,osx,2
2019-06-02,devel,win,53
2019-06-02,2.12.2,osx,1
2019-06-02,2.11.0,osx,1
2019-06-02,3.6.0,src,38
2019-06-02,3.4.3,win,4
2019-06-02,3.4.2,osx,3
2019-06-02,3.1.2,osx,1
2019-06-02,3.3.0,win,7
2019-06-02,2.15.0,osx,1
2019-06-02,2.14.0,osx,1
2019-06-02,2.14.2,osx,1
2019-06-02,3.3.1,osx,1
2019-06-02,3.1.3,osx,1
2019-06-02,3.3.3,osx,67
2019-06-02,2.12.1,osx,1
2019-06-02,2.10.1,osx,2
2019-06-02,3.1.1,src,1
2019-06-02,3.2.1,osx,4
2019-06-02,3.4.1,osx,1
2019-06-02,3.4.0,osx,2
2019-06-02,2.15.1,osx,2
2019-06-02,3.3.3,win,30
2019-06-02,3.6.0,win,1620
2019-06-02,3.4.3,osx,3
2019-06-03,3.2.5,src,1
2019-06-03,3.2.1,src,2
2019-06-03,3.6.0patched,win,355
2019-06-03,3.4.4,src,2
2019-06-03,3.2.1,osx,4
2019-06-03,3.5.0,osx,3
2019-06-03,3.5.1,win,2
2019-06-03,3.3.3,src,2
2019-06-03,3.3.2,win,1
2019-06-03,2.13.2,osx,4
2019-06-03,3.3.1,win,1
2019-06-03,3.1.3,src,1
2019-06-03,3.3.0,src,2
2019-06-03,3.3.0,osx,1
2019-06-03,3.0.3,osx,1
2019-06-03,2.12.2,osx,1
2019-06-03,2.11.0,osx,1
2019-06-03,3.5.1,osx,3
2019-06-03,3.5.1,src,33
2019-06-03,3.5.0,win,3
2019-06-03,2.13.2,win,1
2019-06-03,3.5.3,src,7
2019-06-03,3.3.2,osx,1
2019-06-03,3.5.2,src,6
2019-06-03,3.0.1,osx,1
2019-06-03,2.13.1,osx,1
2019-06-03,3.4.0,osx,1
2019-06-03,3.4.4,win,22
2019-06-03,latest,osx,378
2019-06-03,2.15.1,osx,1
2019-06-03,3.4.1,src,8
2019-06-03,3.5.3,osx,67
2019-06-03,3.2.4,osx,1
2019-06-03,3.5.2,osx,8
2019-06-03,3.2.1,win,3
2019-06-03,3.4.2,src,9
2019-06-03,3.3.2,src,1
2019-06-03,3.6.0,src,96
2019-06-03,devel,win,126
2019-06-03,3.3.3,osx,63
2019-06-03,3.4.1,osx,2
2019-06-03,3.4.0,src,1
2019-06-03,3.2.5,win,3
2019-06-03,3.6.0,osx,601
2019-06-03,3.3.3,win,55
2019-06-03,3.4.3,win,13
2019-06-03,3.4.0,win,1
2019-06-03,3.2.0,osx,1
2019-06-03,3.1.1,osx,1
2019-06-03,3.0.2,osx,1
2019-06-03,3.4.3,src,1
2019-06-03,3.5.3,win,99
2019-06-03,3.5.2,win,4
2019-06-03,3.3.0,win,1
2019-06-03,3.4.4,osx,39
2019-06-03,3.1.2,src,2
2019-06-03,2.12.0,src,1
2019-06-03,3.6.0,win,3281
2019-06-03,2.15.0,src,2
2019-06-03,3.4.2,win,2
2019-06-03,3.4.3,osx,1
2019-06-03,3.5.0,src,6
2019-06-04,3.4.2,osx,3
2019-06-04,3.4.3,win,21
2019-06-04,3.5.2,win,5
2019-06-04,3.3.1,osx,1
2019-06-04,2.11.0,osx,1
2019-06-04,3.4.4,win,23
2019-06-04,3.2.1,win,6
2019-06-04,2.12.2,osx,1
2019-06-04,3.4.2,win,2
2019-06-04,3.4.3,osx,2
2019-06-04,3.5.0,win,4
2019-06-04,3.6.0patched,"NA",1
2019-06-04,3.0.2,src,1
2019-06-04,3.5.3,win,146
2019-06-04,3.5.1,src,35
2019-06-04,2.15.3,win,1
2019-06-04,3.5.2,osx,12
2019-06-04,3.4.1,win,3
2019-06-04,latest,"NA",4
2019-06-04,3.3.1,win,1
2019-06-04,3.4.4,src,2
2019-06-04,3.4.3,src,1
2019-06-04,3.6.0,win,3478
2019-06-04,3.4.4,osx,37
2019-06-04,3.0.0,src,1
2019-06-04,3.2.1,osx,7
2019-06-04,3.3.0,osx,7
2019-06-04,3.5.1,win,5
2019-06-04,3.2.0,win,2
2019-06-04,3.6.0,osx,576
2019-06-04,devel,"NA",1
2019-06-04,3.1.2,src,1
2019-06-04,latest,osx,500
2019-06-04,3.0.0,osx,1
2019-06-04,3.6.0,src,102
2019-06-04,3.5.3,osx,71
2019-06-04,3.1.3,src,1
2019-06-04,3.5.0,osx,3
2019-06-04,3.4.0,win,5
2019-06-04,devel,win,176
2019-06-04,3.3.0,win,8
2019-06-04,3.4.2,src,5
2019-06-04,3.3.3,win,79
2019-06-04,3.2.5,win,1
2019-06-04,2.14.0,osx,1
2019-06-04,3.2.3,src,2
2019-06-04,3.4.1,src,2
2019-06-04,2.14.1,osx,3
2019-06-04,3.0.0,win,3
2019-06-04,3.1.3,osx,1
2019-06-04,2.13.0,osx,1
2019-06-04,3.2.5,src,1
2019-06-04,3.4.0,osx,2
2019-06-04,3.1.0,win,1
2019-06-04,latest,src,4
2019-06-04,3.3.0,src,1
2019-06-04,3.3.3,osx,81
2019-06-04,3.2.4,osx,5
2019-06-04,3.5.2,src,5
2019-06-04,3.5.3,src,3
2019-06-04,3.3.2,win,2
2019-06-04,3.6.0patched,win,439
2019-06-05,2.9.2,src,1
2019-06-05,3.6.0,win,3106
2019-06-05,3.4.3,osx,3
2019-06-05,3.4.1,win,1
2019-06-05,3.5.3,src,9
2019-06-05,3.5.2,src,3
2019-06-05,3.4.3,win,16
2019-06-05,3.4.2,osx,2
2019-06-05,latest,src,1
2019-06-05,3.3.3,src,1
2019-06-05,3.1.3,src,1
2019-06-05,2.15.0,src,1
2019-06-05,2.14.1,osx,1
2019-06-05,3.0.0,win,1
2019-06-05,3.2.4,osx,2
2019-06-05,2.10.0,osx,1
2019-06-05,3.6.0,osx,599
2019-06-05,3.4.0,osx,2
2019-06-05,latest,osx,427
2019-06-05,2.13.1,osx,2
2019-06-05,3.2.0,win,1
2019-06-05,2.15.3,win,1
2019-06-05,3.3.0,osx,2
2019-06-05,3.4.2,src,2
2019-06-05,3.2.3,src,1
2019-06-05,3.1.0,win,1
2019-06-05,2.15.2,osx,1
2019-06-05,3.4.1,src,1
2019-06-05,3.5.3,osx,58
2019-06-05,3.5.2,osx,4
2019-06-05,devel,win,151
2019-06-05,3.6.0,src,118
2019-06-05,2.14.1,src,1
2019-06-05,2.13.0,win,1
2019-06-05,3.3.3,osx,77
2019-06-05,2.10.1,osx,3
2019-06-05,3.3.3,win,39
2019-06-05,3.0.0,src,1
2019-06-05,3.4.4,osx,42
2019-06-05,3.5.0,src,3
2019-06-05,3.2.1,osx,3
2019-06-05,2.13.1,win,1
2019-06-05,3.4.0,win,2
2019-06-05,3.5.3,win,67
2019-06-05,3.5.2,win,1
2019-06-05,3.0.2,osx,1
2019-06-05,2.15.3,osx,1
2019-06-05,3.5.1,win,4
2019-06-05,latest,"NA",5
2019-06-05,3.2.1,src,1
2019-06-05,3.6.0patched,win,485
2019-06-05,3.5.0,osx,1
2019-06-05,3.4.4,src,3
2019-06-05,2.13.2,osx,1
2019-06-05,3.3.1,win,4
2019-06-05,3.2.4,src,1
2019-06-05,2.12.0,osx,2
2019-06-05,2.15.1,osx,3
2019-06-05,2.4.1,src,1
2019-06-05,3.4.4,win,6
2019-06-05,3.3.0,src,2
2019-06-05,3.2.1,win,6
2019-06-05,3.5.1,src,20
2019-06-05,3.2.4revised,win,1
2019-06-05,3.0.1,osx,2
2019-06-05,2.12.1,osx,1
2019-06-05,3.0.3,osx,1
2019-06-05,2.14.0,osx,1
2019-06-05,3.5.0,win,3
2019-06-05,2.15.1,src,1
2019-06-05,2.11.0,osx,2
2019-06-05,3.3.1,osx,1
2019-06-05,3.5.1,osx,3
2019-06-05,2.13.2,win,2
2019-06-05,3.3.2,osx,1
2019-06-05,3.3.0,win,1
2019-06-05,3.1.2,src,2
2019-06-05,2.14.0,src,1
2019-06-05,3.3.2,src,1
2019-06-06,3.5.3,osx,74
2019-06-06,3.3.2,src,3
2019-06-06,2.14.1,src,2
2019-06-06,3.5.1,src,15
2019-06-06,latest,"NA",1
2019-06-06,2.12.1,src,1
2019-06-06,3.0.3,win,1
2019-06-06,3.3.3,win,25
2019-06-06,2.11.1,src,1
2019-06-06,2.9.1,src,1
2019-06-06,2.13.1,src,1
2019-06-06,2.7.0,src,1
2019-06-06,2.14.2,src,1
2019-06-06,2.11.0,src,1
2019-06-06,2.13.2,win,2
2019-06-06,3.5.0,win,4
2019-06-06,2.9.0,src,1
2019-06-06,3.0.1,src,1
2019-06-06,2.8.0,src,1
2019-06-06,3.4.1,src,8
2019-06-06,2.14.2,osx,2
2019-06-06,2.0.0,src,2
2019-06-06,2.9.2,src,2
2019-06-06,3.5.1,win,3
2019-06-06,3.4.3,src,5
2019-06-06,3.5.0,osx,3
2019-06-06,2.15.2,src,1
2019-06-06,3.4.1,win,1
2019-06-06,2.15.1,src,2
2019-06-06,2.15.0,osx,2
2019-06-06,3.3.1,src,3
2019-06-06,3.2.3,osx,1
2019-06-06,3.4.3,win,17
2019-06-06,2.3.0,src,1
2019-06-06,2.14.0,osx,2
2019-06-06,3.4.3,osx,2
2019-06-06,3.4.2,osx,1
2019-06-06,3.0.2,win,1
2019-06-06,2.12.2,osx,1
2019-06-06,3.4.2,win,3
2019-06-06,3.1.0,src,1
2019-06-06,2.15.3,src,1
2019-06-06,3.0.2,src,1
2019-06-06,3.3.3,src,8
2019-06-06,3.0.3,osx,2
2019-06-06,3.0.0,win,3
2019-06-06,2.13.2,osx,1
2019-06-06,3.2.5,src,1
2019-06-06,2.2.1,src,1
2019-06-06,3.6.0,src,116
2019-06-06,2.6.1,src,2
2019-06-06,3.0.0,src,1
2019-06-06,3.3.2,win,3
2019-06-06,2.0.1,src,1
2019-06-06,2.15.0,src,3
2019-06-06,2.4.0,src,1
2019-06-06,2.13.0,src,1
2019-06-06,2.13.1,osx,1
2019-06-06,3.2.1,osx,7
2019-06-06,3.4.2,src,8
2019-06-06,3.0.0,osx,1
2019-06-06,3.2.1,win,1
2019-06-06,3.5.3,win,136
2019-06-06,3.4.4,osx,44
2019-06-06,3.2.0,win,1
2019-06-06,3.2.4,src,4
2019-06-06,3.5.0,src,4
2019-06-06,2.15.2,osx,3
2019-06-06,3.5.2,win,3
2019-06-06,2.3.1,src,1
2019-06-06,3.2.4,osx,7
2019-06-06,3.1.1,osx,1
2019-06-06,2.8.1,src,1
2019-06-06,2.6.0,src,1
2019-06-06,3.1.3,src,2
2019-06-06,2.4.1,src,1
2019-06-06,2.5.1,src,2
2019-06-06,3.2.0,src,5
2019-06-06,3.3.3,osx,81
2019-06-06,3.4.0,src,3
2019-06-06,2.14.2,win,2
2019-06-06,3.6.0,osx,501
2019-06-06,3.1.2,src,3
2019-06-06,2.1.0,src,1
2019-06-06,3.0.1,osx,1
2019-06-06,2.14.0,src,1
2019-06-06,2.10.0,src,1
2019-06-06,2.10.1,src,1
2019-06-06,3.2.1,src,2
2019-06-06,3.3.0,win,3
2019-06-06,3.5.1,osx,1
2019-06-06,devel,win,68
2019-06-06,2.6.2,src,1
2019-06-06,2.12.2,src,1
2019-06-06,2.13.2,src,1
2019-06-06,2.12.0,src,1
2019-06-06,3.2.3,src,2
2019-06-06,3.5.2,src,8
2019-06-06,3.5.3,src,26
2019-06-06,2.7.2,src,1
2019-06-06,2.11.1,osx,3
2019-06-06,3.1.0,osx,1
2019-06-06,3.0.2,osx,1
2019-06-06,2.2.0,src,1
2019-06-06,3.3.0,src,2
2019-06-06,2.13.0,win,1
2019-06-06,2.7.1,src,1
2019-06-06,2.5.0,src,1
2019-06-06,2.10.0,osx,1
2019-06-06,3.4.0,osx,1
2019-06-06,3.4.4,src,6
2019-06-06,latest,src,3
2019-06-06,3.3.0,osx,3
2019-06-06,2.15.1,osx,2
2019-06-06,3.4.4,win,3
2019-06-06,latest,osx,455
2019-06-06,2.13.0,osx,2
2019-06-06,3.4.1,osx,2
2019-06-06,3.5.2,osx,13
2019-06-06,3.1.1,src,2
2019-06-06,3.6.0patched,win,383
2019-06-06,2.14.1,osx,1
2019-06-06,3.6.0,win,2793
2019-06-06,2.1.1,src,1
2019-06-06,3.2.2,src,5
2019-06-06,3.0.3,src,1
2019-06-06,3.2.2,win,2
2019-06-07,3.3.0,osx,5
2019-06-07,3.4.2,osx,3
2019-06-07,3.4.3,win,18
2019-06-07,3.0.2,osx,1
2019-06-07,3.5.3,win,82
2019-06-07,3.5.0,src,4
2019-06-07,3.5.3,osx,96
2019-06-07,3.4.4,osx,36
2019-06-07,3.2.3,osx,3
2019-06-07,3.1.2,osx,2
2019-06-07,3.2.3,src,3
2019-06-07,3.3.0,src,2
2019-06-07,3.2.1,osx,4
2019-06-07,2.11.1,src,1
2019-06-07,3.5.2,osx,18
2019-06-07,3.3.2,src,1
2019-06-07,latest,osx,397
2019-06-07,3.4.3,src,3
2019-06-07,2.12.0,osx,1
2019-06-07,3.3.3,osx,62
2019-06-07,2.13.2,osx,1
2019-06-07,devel,win,95
2019-06-07,3.6.0patched,win,372
2019-06-07,3.0.0,osx,1
2019-06-07,3.5.0,osx,10
2019-06-07,3.4.4,src,4
2019-06-07,3.4.0,osx,1
2019-06-07,2.9.2,src,1
2019-06-07,3.2.5,win,1
2019-06-07,3.2.1,src,2
2019-06-07,2.14.2,osx,1
2019-06-07,3.0.0,src,1
2019-06-07,3.2.2,src,5
2019-06-07,3.3.1,osx,1
2019-06-07,3.3.0,win,4
2019-06-07,2.14.0,osx,1
2019-06-07,3.5.1,win,1
2019-06-07,3.0.3,osx,2
2019-06-07,devel,"NA",1
2019-06-07,3.1.2,src,2
2019-06-07,2.10.0,osx,3
2019-06-07,2.15.0,osx,3
2019-06-07,3.1.1,osx,2
2019-06-07,3.6.0,osx,462
2019-06-07,3.6.0,win,2733
2019-06-07,2.11.0,src,4
2019-06-07,3.1.3,osx,4
2019-06-07,3.1.0,osx,1
2019-06-07,2.13.1,osx,1
2019-06-07,2.15.0,src,1
2019-06-07,3.6.0patched,"NA",1
2019-06-07,3.0.1,osx,1
2019-06-07,3.3.3,win,37
2019-06-07,3.5.1,src,9
2019-06-07,3.2.5,src,3
2019-06-07,3.2.4,src,3
2019-06-07,3.4.2,win,1
2019-06-07,3.4.3,osx,9
2019-06-07,3.2.4,osx,6
2019-06-07,2.14.1,osx,2
2019-06-07,3.5.0,win,3
2019-06-07,3.6.0,src,55
2019-06-07,3.1.3,src,6
2019-06-07,3.2.1,win,6
2019-06-07,3.3.3,src,2
2019-06-07,2.12.2,osx,1
2019-06-07,2.15.1,osx,4
2019-06-07,2.13.0,osx,1
2019-06-07,3.4.1,src,11
2019-06-07,3.5.1,osx,1
2019-06-07,3.4.4,win,1
2019-06-07,2.15.3,osx,1
2019-06-07,3.3.1,src,1
2019-06-07,2.10.1,osx,1
2019-06-07,3.5.3,src,74
2019-06-07,2.15.2,osx,5
2019-06-07,3.3.1,win,2
2019-06-07,3.2.2,win,3
2019-06-07,3.1.0,win,1
2019-06-07,3.3.2,osx,1
2019-06-07,3.2.0,src,1
2019-06-07,3.2.0,osx,2
2019-06-07,2.15.0,win,1
2019-06-07,3.2.2,osx,1
2019-06-07,3.0.2,win,1
2019-06-07,latest,"NA",1
2019-06-07,3.4.2,src,2
2019-06-07,2.12.1,osx,1
2019-06-07,3.4.0,win,2
2019-06-07,3.4.0,src,2
2019-06-07,3.0.1,win,2
2019-06-07,3.4.1,osx,5
2019-06-07,3.5.2,src,5
2019-06-07,2.11.0,osx,3
2019-06-07,2.11.1,osx,1
2019-06-08,3.5.0,osx,5
2019-06-08,3.4.2,osx,1
2019-06-08,3.4.3,win,12
2019-06-08,2.12.2,osx,2
2019-06-08,3.5.2,osx,2
2019-06-08,3.3.3,osx,30
2019-06-08,latest,osx,247
2019-06-08,3.1.2,osx,1
2019-06-08,3.5.0,win,1
2019-06-08,3.6.0,src,34
2019-06-08,3.5.3,osx,36
2019-06-08,3.4.4,osx,18
2019-06-08,3.2.2,win,1
2019-06-08,3.3.3,src,1
2019-06-08,3.4.4,win,9
2019-06-08,3.3.3,win,14
2019-06-08,3.5.2,src,2
2019-06-08,3.6.0,osx,298
2019-06-08,3.1.3,win,1
2019-06-08,3.5.1,src,13
2019-06-08,3.3.1,win,2
2019-06-08,3.2.1,osx,5
2019-06-08,3.4.0,win,2
2019-06-08,2.12.0,osx,1
2019-06-08,2.15.1,win,1
2019-06-08,3.2.2,osx,1
2019-06-08,3.2.1,win,5
2019-06-08,2.14.0,src,1
2019-06-08,3.6.0,win,1525
2019-06-08,2.15.0,src,2
2019-06-08,2.15.0,osx,2
2019-06-08,2.12.0,src,1
2019-06-08,2.14.2,src,1
2019-06-08,3.4.1,src,3
2019-06-08,latest,src,1
2019-06-08,3.5.1,osx,3
2019-06-08,2.10.0,osx,2
2019-06-08,3.5.3,win,19
2019-06-08,3.3.0,src,1
2019-06-08,3.5.2,win,3
2019-06-08,2.13.0,osx,3
2019-06-08,3.5.3,src,2
2019-06-08,3.4.4,src,1
2019-06-08,3.6.0patched,win,166
2019-06-08,2.14.2,osx,1
2019-06-08,2.15.1,osx,5
2019-06-08,devel,win,73
2019-06-08,3.2.1,src,1
2019-06-08,3.2.3,win,1
2019-06-08,3.4.0,osx,3
2019-06-08,latest,"NA",1
2019-06-08,2.14.1,osx,1
2019-06-08,3.3.0,win,2
2019-06-08,2.11.0,osx,1
2019-06-08,2.15.3,src,1
2019-06-08,3.4.1,osx,3
2019-06-08,3.1.2,src,3
2019-06-08,3.4.1,win,1
2019-06-08,3.1.0,win,1
2019-06-08,3.4.3,osx,2
2019-06-08,2.12.1,osx,1
2019-06-08,2.6.0,src,1
2019-06-08,2.13.2,win,2
2019-06-09,3.3.0,osx,2
2019-06-09,2.12.2,osx,3
2019-06-09,3.2.4,src,1
2019-06-09,3.0.2,osx,2
2019-06-09,3.2.2,osx,2
2019-06-09,3.3.0,src,1
2019-06-09,3.0.3,osx,2
2019-06-09,3.0.0,osx,2
2019-06-09,3.4.0,osx,7
2019-06-09,3.2.0,osx,2
2019-06-09,3.1.1,osx,4
2019-06-09,3.1.2,osx,5
2019-06-09,3.4.2,osx,2
2019-06-09,2.14.0,osx,3
2019-06-09,3.5.1,win,1
2019-06-09,3.3.2,osx,2
2019-06-09,3.1.0,osx,4
2019-06-09,3.0.1,osx,2
2019-06-09,2.15.3,osx,3
2019-06-09,3.5.3,osx,23
2019-06-09,3.3.1,win,1
2019-06-09,3.4.4,osx,22
2019-06-09,2.14.1,osx,3
2019-06-09,2.11.0,osx,5
2019-06-09,3.4.3,src,2
2019-06-09,devel,win,42
2019-06-09,3.4.2,src,3
2019-06-09,3.2.1,osx,4
2019-06-09,3.4.4,win,3
2019-06-09,3.4.1,osx,5
2019-06-09,3.2.3,osx,2
2019-06-09,2.10.1,osx,4
2019-06-09,3.6.0,osx,306
2019-06-09,2.15.2,osx,2
2019-06-09,3.1.0,win,1
2019-06-09,3.2.2,src,1
2019-06-09,2.15.1,osx,5
2019-06-09,3.2.4,osx,7
2019-06-09,3.4.3,osx,3
2019-06-09,3.6.0patched,win,158
2019-06-09,2.13.0,osx,3
2019-06-09,3.5.0,win,2
2019-06-09,3.2.5,src,2
2019-06-09,2.13.1,osx,3
2019-06-09,3.1.3,osx,6
2019-06-09,3.5.0,osx,5
2019-06-09,2.12.1,osx,2
2019-06-09,3.4.3,win,18
2019-06-09,3.5.2,src,2
2019-06-09,3.3.3,osx,32
2019-06-09,3.5.3,win,27
2019-06-09,2.11.1,osx,4
2019-06-09,3.4.2,win,18
2019-06-09,3.5.3,src,2
2019-06-09,2.10.0,osx,4
2019-06-09,2.14.2,osx,3
2019-06-09,3.4.1,src,3
2019-06-09,3.4.4,src,3
2019-06-09,3.3.1,osx,2
2019-06-09,2.15.3,win,2
2019-06-09,2.6.1,src,1
2019-06-09,2.13.2,osx,3
2019-06-09,3.5.1,src,8
2019-06-09,3.2.5,win,2
2019-06-09,2.15.0,osx,4
2019-06-09,latest,osx,199
2019-06-09,2.12.0,osx,4
2019-06-09,3.3.0,win,1
2019-06-09,3.3.3,win,11
2019-06-09,2.1.1,src,1
2019-06-09,3.5.1,osx,7
2019-06-09,3.3.2,src,1
2019-06-09,3.5.2,osx,5
2019-06-09,latest,"NA",1
2019-06-09,3.6.0,src,54
2019-06-09,3.6.0,win,1623
2019-06-09,3.1.2,src,1
2019-06-10,2.12.1,osx,1
2019-06-10,3.3.1,win,3
2019-06-10,2.15.3,osx,1
2019-06-10,3.2.1,osx,5
2019-06-10,2.15.1,win,1
2019-06-10,3.4.4,osx,6
2019-06-10,3.5.0,src,4
2019-06-10,3.0.3,osx,2
2019-06-10,3.2.3,osx,1
2019-06-10,3.2.3,src,3
2019-06-10,3.4.2,osx,3
2019-06-10,3.4.3,win,15
2019-06-10,2.14.0,osx,1
2019-06-10,3.5.1,osx,2
2019-06-10,3.1.0,win,2
2019-06-10,2.10.1,osx,1
2019-06-10,3.4.1,osx,2
2019-06-10,3.5.2,src,2
2019-06-10,2.11.1,osx,1
2019-06-10,3.5.3,src,2
2019-06-10,3.1.3,osx,2
2019-06-10,3.4.0,src,1
2019-06-10,3.4.1,src,12
2019-06-10,3.3.3,osx,33
2019-06-10,latest,src,3
2019-06-10,2.15.3,win,2
2019-06-10,2.12.0,osx,1
2019-06-10,3.5.1,src,26
2019-06-10,2.14.1,osx,1
2019-06-10,2.15.0,src,1
2019-06-10,3.5.3,osx,34
2019-06-10,3.2.1,win,2
2019-06-10,3.5.2,osx,4
2019-06-10,2.15.1,osx,1
2019-06-10,3.4.4,win,12
2019-06-10,3.4.0,osx,1
2019-06-10,3.3.3,src,3
2019-06-10,3.2.5,win,13
2019-06-10,2.14.2,osx,1
2019-06-10,3.5.0,osx,5
2019-06-10,3.4.4,src,2
2019-06-10,2.11.0,osx,3
2019-06-10,3.2.4revised,win,1
2019-06-10,devel,win,77
2019-06-10,3.6.0,osx,541
2019-06-10,2.15.0,win,2
2019-06-10,latest,osx,381
2019-06-10,3.3.0,src,1
2019-06-10,3.0.0,osx,1
2019-06-10,3.6.0,src,76
2019-06-10,3.5.0,win,6
2019-06-10,3.1.2,src,1
2019-06-10,3.6.0,win,2969
2019-06-10,2.13.2,osx,1
2019-06-10,3.2.0,win,2
2019-06-10,3.5.3,win,41
2019-06-10,3.5.2,win,3
2019-06-10,3.1.1,win,1
2019-06-10,3.4.1,win,8
2019-06-10,3.1.0,src,1
2019-06-10,3.4.2,win,8
2019-06-10,3.4.3,osx,3
2019-06-10,3.6.0patched,win,356
2019-06-10,3.3.3,win,36
2019-06-10,3.5.1,win,5
2019-06-10,3.4.2,src,2
2019-06-10,3.3.2,win,2
2019-06-10,3.2.2,win,4
2019-06-10,3.4.0,win,5
2019-06-10,latest,"NA",22
2019-06-10,3.3.0,osx,1
2019-06-11,latest,src,1
2019-06-11,devel,win,131
2019-06-11,3.5.2,src,3
2019-06-11,3.0.1,win,2
2019-06-11,3.0.3,osx,1
2019-06-11,3.1.1,win,1
2019-06-11,2.14.2,src,1
2019-06-11,3.1.0,osx,1
2019-06-11,3.4.0,osx,3
2019-06-11,3.5.3,src,11
2019-06-11,3.6.0patched,win,381
2019-06-11,2.15.0,src,2
2019-06-11,3.2.1,win,5
2019-06-11,3.2.3,src,1
2019-06-11,3.5.0,osx,2
2019-06-11,2.15.2,win,3
2019-06-11,3.0.0,win,1
2019-06-11,3.1.2,src,2
2019-06-11,3.4.4,win,17
2019-06-11,3.1.1,osx,1
2019-06-11,2.15.1,osx,1
2019-06-11,3.6.0patched,"NA",1
2019-06-11,3.6.0,src,117
2019-06-11,3.3.0,src,2
2019-06-11,3.6.0,win,3215
2019-06-11,2.15.0,osx,2
2019-06-11,3.5.1,win,7
2019-06-11,2.15.3,win,1
2019-06-11,3.2.0,src,2
2019-06-11,3.0.1,osx,1
2019-06-11,3.2.2,src,1
2019-06-11,3.2.4,src,1
2019-06-11,3.0.2,src,1
2019-06-11,3.3.3,src,1
2019-06-11,3.4.1,win,8
2019-06-11,3.5.1,src,17
2019-06-11,3.5.3,osx,42
2019-06-11,3.4.4,osx,21
2019-06-11,3.2.5,win,3
2019-06-11,3.2.0,win,2
2019-06-11,3.4.1,osx,6
2019-06-11,2.13.1,osx,1
2019-06-11,3.1.2,osx,1
2019-06-11,3.1.3,src,1
2019-06-11,3.3.3,win,59
2019-06-11,3.0.2,win,1
2019-06-11,3.6.0,osx,559
2019-06-11,3.3.1,win,1
2019-06-11,3.5.2,osx,17
2019-06-11,2.14.2,osx,2
2019-06-11,3.3.1,osx,1
2019-06-11,3.3.3,osx,35
2019-06-11,latest,osx,352
2019-06-11,3.3.2,win,2
2019-06-11,2.11.1,osx,1
2019-06-11,3.1.0,win,4
2019-06-11,2.13.0,win,2
2019-06-11,2.14.0,win,4
2019-06-11,3.3.0,win,3
2019-06-11,3.2.1,osx,5
2019-06-11,3.5.0,win,2
2019-06-11,2.5.0,src,1
2019-06-11,devel,"NA",1
2019-06-11,3.1.3,win,3
2019-06-11,3.2.3,osx,1
2019-06-11,3.1.0,src,2
2019-06-11,2.12.1,osx,2
2019-06-11,3.4.1,src,6
2019-06-11,latest,"NA",27
2019-06-11,2.15.1,src,1
2019-06-11,2.15.2,src,1
2019-06-11,3.4.3,win,11
2019-06-11,2.12.2,osx,2
2019-06-11,2.14.1,osx,3
2019-06-11,3.4.2,osx,5
2019-06-11,2.11.0,osx,1
2019-06-11,2.9.2,src,1
2019-06-11,2.15.1,win,1
2019-06-11,3.5.3,win,65
2019-06-11,3.4.3,osx,3
2019-06-11,3.1.1,src,1
2019-06-11,3.0.1,src,1
2019-06-11,3.5.2,win,2
2019-06-11,3.5.1,osx,10
2019-06-11,2.8.1,src,1
2019-06-11,3.0.3,win,1
2019-06-11,2.4.1,src,1
2019-06-12,2.14.0,osx,2
2019-06-12,3.4.3,src,1
2019-06-12,3.1.2,osx,1
2019-06-12,3.5.0,win,3
2019-06-12,3.3.0,osx,1
2019-06-12,3.5.1,win,5
2019-06-12,2.1.1,src,1
2019-06-12,3.0.1,win,1
2019-06-12,3.6.0,win,3133
2019-06-12,3.0.3,src,1
2019-06-12,2.13.1,osx,2
2019-06-12,3.3.0,src,2
2019-06-12,3.4.4,src,4
2019-06-12,3.1.2,src,4
2019-06-12,2.7.0,src,1
2019-06-12,2.14.0,src,1
2019-06-12,3.3.2,win,7
2019-06-12,3.3.3,win,46
2019-06-12,2.3.1,src,1
2019-06-12,3.2.0,win,1
2019-06-12,3.0.1,src,1
2019-06-12,3.3.2,osx,1
2019-06-12,2.14.2,win,1
2019-06-12,3.0.0,src,4
2019-06-12,3.4.0,osx,2
2019-06-12,3.6.0,osx,565
2019-06-12,3.2.2,src,3
2019-06-12,3.2.5,win,2
2019-06-12,2.12.1,src,1
2019-06-12,2.10.0,osx,2
2019-06-12,2.10.1,src,1
2019-06-12,2.14.2,osx,1
2019-06-12,3.2.4revised,win,1
2019-06-12,3.3.2,src,1
2019-06-12,latest,osx,313
2019-06-12,3.2.4,src,2
2019-06-12,3.5.1,osx,2
2019-06-12,3.0.2,win,1
2019-06-12,2.15.0,osx,1
2019-06-12,3.3.3,osx,52
2019-06-12,3.1.3,osx,1
2019-06-12,3.1.1,win,2
2019-06-12,2.15.0,win,1
2019-06-12,2.15.1,osx,2
2019-06-12,3.4.4,win,17
2019-06-12,2.13.2,win,1
2019-06-12,3.5.0,osx,3
2019-06-12,3.4.1,win,1
2019-06-12,3.2.1,win,3
2019-06-12,3.2.1,src,3
2019-06-12,3.4.1,src,16
2019-06-12,2.12.1,osx,2
2019-06-12,3.6.0,src,116
2019-06-12,3.1.0,osx,1
2019-06-12,3.3.3,src,2
2019-06-12,3.1.3,src,2
2019-06-12,latest,"NA",13
2019-06-12,2.14.1,osx,1
2019-06-12,3.5.0,src,4
2019-06-12,2.9.0,src,1
2019-06-12,3.6.0patched,win,479
2019-06-12,3.2.3,win,1
2019-06-12,2.15.3,src,1
2019-06-12,3.4.2,win,2
2019-06-12,3.4.3,osx,5
2019-06-12,3.4.4,osx,20
2019-06-12,3.5.1,src,20
2019-06-12,3.2.5,src,3
2019-06-12,2.14.0,win,1
2019-06-12,3.5.2,win,1
2019-06-12,3.0.2,src,2
2019-06-12,2.15.0,src,1
2019-06-12,3.1.0,src,1
2019-06-12,2.12.2,src,1
2019-06-12,2.12.0,src,1
2019-06-12,3.3.1,src,2
2019-06-12,3.5.3,osx,40
2019-06-12,3.5.2,osx,17
2019-06-12,3.2.1,osx,7
2019-06-12,3.4.0,src,1
2019-06-12,3.0.3,win,1
2019-06-12,2.14.1,src,1
2019-06-12,3.2.0,src,1
2019-06-12,3.4.1,osx,2
2019-06-12,3.5.3,win,63
2019-06-12,2.7.2,src,1
2019-06-12,3.2.3,src,4
2019-06-12,2.15.2,osx,3
2019-06-12,3.5.2,src,6
2019-06-12,2.12.2,osx,3
2019-06-12,3.5.3,src,8
2019-06-12,2.13.2,osx,1
2019-06-12,2.11.1,osx,3
2019-06-12,3.2.2,win,2
2019-06-12,3.4.2,src,2
2019-06-12,devel,win,97
2019-06-12,3.4.3,win,22
2019-06-12,3.4.2,osx,4
2019-06-12,2.11.0,osx,2
2019-06-12,3.1.1,src,1
2019-06-12,3.0.3,osx,1
2019-06-12,3.2.0,osx,1
2019-06-13,2.6.0,src,1
2019-06-13,3.0.0,win,2
2019-06-13,3.4.0,src,1
2019-06-13,3.2.2,osx,1
2019-06-13,3.5.3,src,8
2019-06-13,2.11.1,osx,1
2019-06-13,3.5.2,src,13
2019-06-13,3.4.1,osx,4
2019-06-13,2.13.2,src,1
2019-06-13,3.4.3,win,17
2019-06-13,3.4.2,osx,5
2019-06-13,2.3.0,src,1
2019-06-13,3.6.0,osx,530
2019-06-13,2.15.0,osx,1
2019-06-13,3.3.3,osx,25
2019-06-13,3.5.1,src,13
2019-06-13,devel,win,98
2019-06-13,3.6.0,src,98
2019-06-13,2.10.0,src,1
2019-06-13,3.0.1,win,1
2019-06-13,2.15.3,win,1
2019-06-13,3.4.2,src,2
2019-06-13,3.2.3,src,2
2019-06-13,3.1.0,win,1
2019-06-13,2.15.2,osx,1
2019-06-13,3.0.2,win,1
2019-06-13,3.4.1,src,9
2019-06-13,2.0.0,src,1
2019-06-13,2.4.0,src,1
2019-06-13,3.5.3,osx,44
2019-06-13,2.11.1,src,1
2019-06-13,3.5.2,osx,10
2019-06-13,3.5.0,src,1
2019-06-13,3.4.0,osx,1
2019-06-13,3.2.2,src,2
2019-06-13,3.4.4,osx,12
2019-06-13,latest,osx,348
2019-06-13,3.2.0,win,2
2019-06-13,2.13.1,osx,2
2019-06-13,3.2.1,osx,9
2019-06-13,3.5.3,win,51
2019-06-13,3.5.2,win,7
2019-06-13,2.1.0,src,1
2019-06-13,3.1.0,osx,1
2019-06-13,2.15.3,osx,2
2019-06-13,3.4.3,src,1
2019-06-13,3.0.0,osx,1
2019-06-13,3.4.3,osx,6
2019-06-13,2.6.2,src,1
2019-06-13,3.3.3,win,39
2019-06-13,2.13.0,osx,2
2019-06-13,3.6.0,win,2848
2019-06-13,2.15.0,win,1
2019-06-13,3.2.5,win,1
2019-06-13,2.10.1,osx,2
2019-06-13,2.14.0,win,1
2019-06-13,3.3.0,src,1
2019-06-13,3.2.1,win,1
2019-06-13,3.1.1,win,1
2019-06-13,2.8.0,src,1
2019-06-13,2.10.0,osx,2
2019-06-13,3.3.2,win,2
2019-06-13,3.3.1,osx,1
2019-06-13,2.15.1,osx,3
2019-06-13,2.13.2,osx,2
2019-06-13,3.5.1,win,8
2019-06-13,3.2.1,src,1
2019-06-13,3.6.0patched,win,444
2019-06-13,3.4.4,src,1
2019-06-13,3.5.0,osx,2
2019-06-13,3.0.3,src,1
2019-06-13,3.3.0,win,7
2019-06-13,3.5.0,win,6
2019-06-13,3.4.4,win,14
2019-06-13,2.12.2,osx,2
2019-06-13,2.11.0,osx,4
2019-06-13,3.5.1,osx,2
2019-06-13,2.12.1,osx,3
2019-06-13,3.1.1,osx,1
2019-06-13,3.1.2,osx,2
2019-06-13,2.14.0,osx,1
2019-06-13,3.1.1,src,2
2019-06-13,3.4.1,win,5
2019-06-13,3.2.0,"NA",7
2019-06-13,2.5.1,src,1
2019-06-13,2.14.2,osx,4
2019-06-13,3.2.0,src,1
2019-06-13,2.14.1,osx,3
2019-06-14,2.1.0,src,1
2019-06-14,3.2.2,src,1
2019-06-14,3.0.1,src,1
2019-06-14,3.5.1,src,13
2019-06-14,2.14.0,osx,1
2019-06-14,3.3.0,win,4
2019-06-14,3.5.1,osx,7
2019-06-14,2.6.1,src,1
2019-06-14,3.4.2,osx,2
2019-06-14,3.5.2,win,4
2019-06-14,3.3.2,src,1
2019-06-14,3.5.3,win,48
2019-06-14,3.5.0,src,1
2019-06-14,latest,src,2
2019-06-14,3.2.0,"NA",2
2019-06-14,3.5.0,win,3
2019-06-14,3.4.3,win,35
2019-06-14,2.15.1,osx,2
2019-06-14,3.4.4,osx,10
2019-06-14,latest,osx,363
2019-06-14,3.2.4,osx,1
2019-06-14,3.4.2,win,1
2019-06-14,2.12.0,osx,2
2019-06-14,latest,"NA",11
2019-06-14,3.4.0,osx,3
2019-06-14,2.13.1,src,1
2019-06-14,2.11.0,src,1
2019-06-14,2.13.0,src,1
2019-06-14,2.10.1,osx,3
2019-06-14,3.1.3,osx,2
2019-06-14,2.15.2,win,1
2019-06-14,3.2.0,win,3
2019-06-14,3.4.2,src,1
2019-06-14,3.4.4,win,11
2019-06-14,3.2.3,src,2
2019-06-14,2.2.1,src,1
2019-06-14,3.3.0,src,3
2019-06-14,3.1.1,win,1
2019-06-14,3.5.2,osx,12
2019-06-14,2.15.3,osx,2
2019-06-14,3.3.3,src,1
2019-06-14,3.6.0,win,2666
2019-06-14,3.4.1,osx,3
2019-06-14,3.4.1,src,2
2019-06-14,3.5.3,osx,56
2019-06-14,2.14.1,osx,1
2019-06-14,3.5.2,src,5
2019-06-14,2.15.3,src,1
2019-06-14,devel,"NA",1
2019-06-14,3.0.1,win,2
2019-06-14,2.15.3,win,1
2019-06-14,3.5.3,src,16
2019-06-14,devel,win,68
2019-06-14,3.5.1,win,2
2019-06-14,3.2.1,win,6
2019-06-14,3.1.0,win,2
2019-06-14,3.2.1,src,2
2019-06-14,3.3.3,win,34
2019-06-14,2.13.0,osx,3
2019-06-14,3.0.0,win,2
2019-06-14,3.5.0,osx,4
2019-06-14,3.2.2,osx,1
2019-06-14,3.4.4,src,5
2019-06-14,3.2.4,src,1
2019-06-14,3.4.3,osx,2
2019-06-14,3.6.0patched,win,498
2019-06-14,3.6.0,osx,469
2019-06-14,2.2.0,src,1
2019-06-14,3.1.2,win,1
2019-06-14,2.15.1,src,2
2019-06-14,3.2.1,osx,3
2019-06-14,3.6.0patched,"NA",1
2019-06-14,3.4.3,src,2
2019-06-14,3.4.1,win,2
2019-06-14,3.0.3,src,1
2019-06-14,2.15.2,osx,2
2019-06-14,2.11.1,osx,1
2019-06-14,3.3.3,osx,39
2019-06-14,3.6.0,src,93
2019-06-14,2.15.0,osx,1
2019-06-14,2.13.2,osx,1
2019-06-15,2.10.0,osx,1
2019-06-15,2.11.0,osx,2
2019-06-15,2.13.0,osx,1
2019-06-15,3.2.1,win,6
2019-06-15,3.5.3,win,52
2019-06-15,2.15.2,osx,1
2019-06-15,3.1.0,win,1
2019-06-15,3.2.5,src,1
2019-06-15,3.3.0,src,1
2019-06-15,3.0.1,src,1
2019-06-15,2.14.1,osx,1
2019-06-15,3.6.0,win,1507
2019-06-15,3.5.1,src,7
2019-06-15,2.15.3,osx,1
2019-06-15,3.4.2,src,1
2019-06-15,3.3.3,osx,57
2019-06-15,2.12.0,osx,1
2019-06-15,3.4.2,win,1
2019-06-15,3.0.3,src,1
2019-06-15,3.2.1,src,1
2019-06-15,2.14.1,win,1
2019-06-15,3.6.0patched,win,191
2019-06-15,3.4.4,osx,38
2019-06-15,3.4.3,osx,5
2019-06-15,2.7.1,src,1
2019-06-15,3.5.1,win,5
2019-06-15,3.4.3,src,1
2019-06-15,3.1.3,win,1
2019-06-15,3.2.4,osx,1
2019-06-15,3.5.0,osx,3
2019-06-15,3.5.3,osx,54
2019-06-15,2.15.2,src,1
2019-06-15,3.1.1,src,1
2019-06-15,3.4.4,src,1
2019-06-15,3.4.1,src,5
2019-06-15,2.13.1,win,2
2019-06-15,3.4.1,osx,6
2019-06-15,3.2.2,src,1
2019-06-15,2.14.2,win,2
2019-06-15,2.1.1,src,1
2019-06-15,3.2.0,win,1
2019-06-15,3.5.2,src,1
2019-06-15,2.11.1,osx,1
2019-06-15,3.6.0,osx,270
2019-06-15,3.5.1,osx,10
2019-06-15,3.0.2,src,1
2019-06-15,3.6.0,src,37
2019-06-15,2.13.0,win,1
2019-06-15,3.5.0,win,3
2019-06-15,3.3.1,src,1
2019-06-15,3.3.0,win,1
2019-06-15,3.4.0,osx,2
2019-06-15,2.14.0,osx,2
2019-06-15,3.3.1,win,1
2019-06-15,3.0.3,win,2
2019-06-15,3.2.1,osx,8
2019-06-15,latest,osx,255
2019-06-15,2.0.1,src,1
2019-06-15,3.3.3,win,41
2019-06-15,3.5.2,win,4
2019-06-15,3.1.2,src,1
2019-06-15,3.0.2,osx,1
2019-06-15,3.4.2,osx,1
2019-06-15,2.9.2,src,1
2019-06-15,2.14.2,osx,1
2019-06-15,2.10.1,osx,2
2019-06-15,devel,win,88
2019-06-15,3.5.2,osx,4
2019-06-15,3.4.3,win,14
2019-06-15,2.15.1,osx,1
2019-06-15,2.13.2,osx,1
2019-06-15,3.4.4,win,4
2019-06-15,3.4.0,win,1
2019-06-16,2.9.1,src,1
2019-06-16,2.12.1,osx,1
2019-06-16,3.2.4,osx,10
2019-06-16,3.2.3,src,1
2019-06-16,3.5.2,osx,3
2019-06-16,3.6.0,osx,263
2019-06-16,3.2.1,osx,4
2019-06-16,3.2.0,win,1
2019-06-16,2.15.0,win,1
2019-06-16,3.3.0,src,1
2019-06-16,3.4.3,osx,5
2019-06-16,3.6.0,src,40
2019-06-16,3.5.3,win,77
2019-06-16,2.12.2,osx,1
2019-06-16,3.4.3,win,6
2019-06-16,devel,win,99
2019-06-16,3.4.4,osx,29
2019-06-16,3.2.4,src,1
2019-06-16,3.4.1,osx,7
2019-06-16,3.4.2,osx,2
2019-06-16,3.2.2,src,1
2019-06-16,3.5.0,win,1
2019-06-16,latest,osx,257
2019-06-16,3.1.3,osx,5
2019-06-16,3.4.4,win,3
2019-06-16,2.15.1,osx,1
2019-06-16,2.11.0,osx,2
2019-06-16,2.13.1,osx,1
2019-06-16,3.2.1,win,5
2019-06-16,2.10.1,osx,1
2019-06-16,2.14.0,osx,2
2019-06-16,3.5.0,osx,5
2019-06-16,3.4.0,osx,4
2019-06-16,3.0.1,src,3
2019-06-16,3.5.1,osx,3
2019-06-16,3.5.1,src,8
2019-06-16,3.3.3,win,43
2019-06-16,3.0.0,win,1
2019-06-16,3.4.1,win,1
2019-06-16,3.0.2,src,1
2019-06-16,2.15.3,osx,1
2019-06-16,3.3.1,win,4
2019-06-16,3.1.2,osx,1
2019-06-16,3.3.3,osx,53
2019-06-16,2.14.0,win,1
2019-06-16,3.6.0patched,win,243
2019-06-16,3.6.0,win,1403
2019-06-16,3.0.3,src,2
2019-06-16,3.3.0,win,1
2019-06-16,2.13.2,osx,1
2019-06-16,2.14.1,win,1
2019-06-16,3.1.2,src,4
2019-06-16,3.4.1,src,3
2019-06-16,3.0.0,osx,2
2019-06-16,3.5.3,osx,71
2019-06-16,3.5.1,win,2
2019-06-16,3.5.2,win,1
2019-06-16,latest,src,1
2019-06-16,3.5.3,src,10
2019-06-16,3.3.0,osx,1
2019-06-16,3.1.0,win,2
2019-06-17,2.11.0,osx,3
2019-06-17,3.3.3,win,58
2019-06-17,3.4.3,src,4
2019-06-17,3.2.1,osx,5
2019-06-17,3.3.1,osx,1
2019-06-17,2.15.0,osx,1
2019-06-17,3.2.5,win,1
2019-06-17,3.3.1,src,1
2019-06-17,3.6.0,osx,564
2019-06-17,3.2.2,win,1
2019-06-17,3.1.2,osx,2
2019-06-17,3.2.3,win,1
2019-06-17,2.15.3,osx,4
2019-06-17,latest,"NA",8
2019-06-17,3.2.4,osx,4
2019-06-17,3.1.2,src,2
2019-06-17,3.4.2,osx,3
2019-06-17,3.3.0,src,2
2019-06-17,3.2.1,src,1
2019-06-17,3.5.1,osx,4
2019-06-17,3.3.2,win,3
2019-06-17,3.5.3,osx,87
2019-06-17,3.2.2,osx,1
2019-06-17,2.12.1,osx,2
2019-06-17,3.1.3,osx,4
2019-06-17,3.5.1,win,3
2019-06-17,3.2.3,src,2
2019-06-17,2.13.1,osx,1
2019-06-17,3.1.0,osx,2
2019-06-17,3.5.2,osx,8
2019-06-17,3.1.1,osx,2
2019-06-17,2.15.2,osx,1
2019-06-17,3.1.0,win,1
2019-06-17,3.5.2,src,1
2019-06-17,2.12.0,osx,1
2019-06-17,2.10.0,osx,2
2019-06-17,3.4.1,osx,4
2019-06-17,latest,osx,436
2019-06-17,2.15.1,osx,2
2019-06-17,3.0.1,osx,2
2019-06-17,2.15.2,win,1
2019-06-17,3.4.4,osx,50
2019-06-17,2.11.0,src,3
2019-06-17,2.14.0,osx,2
2019-06-17,3.4.3,osx,5
2019-06-17,3.0.2,osx,2
2019-06-17,latest,src,3
2019-06-17,2.13.1,win,1
2019-06-17,2.14.1,osx,1
2019-06-17,3.0.3,osx,2
2019-06-17,3.4.1,win,1
2019-06-17,3.5.1,src,12
2019-06-17,3.3.0,osx,1
2019-06-17,3.6.0,src,101
2019-06-17,3.3.3,src,1
2019-06-17,2.11.1,osx,2
2019-06-17,3.4.3,win,20
2019-06-17,2.13.2,osx,2
2019-06-17,2.10.1,osx,2
2019-06-17,3.4.1,src,11
2019-06-17,3.5.3,src,32
2019-06-17,3.2.0,src,1
2019-06-17,3.2.1,win,12
2019-06-17,2.14.0,win,1
2019-06-17,3.5.2,win,5
2019-06-17,3.5.3,win,80
2019-06-17,3.3.3,osx,58
2019-06-17,3.4.0,osx,3
2019-06-17,3.4.4,win,17
2019-06-17,2.14.2,osx,1
2019-06-17,3.2.3,osx,1
2019-06-17,3.5.0,osx,4
2019-06-17,3.0.0,osx,1
2019-06-17,3.5.0,win,2
2019-06-17,3.4.4,src,5
2019-06-17,3.3.2,src,2
2019-06-17,3.6.0patched,win,454
2019-06-17,3.4.2,win,1
2019-06-17,devel,win,96
2019-06-17,3.5.0,src,6
2019-06-17,2.12.2,osx,1
2019-06-17,2.13.0,osx,2
2019-06-17,3.1.0,src,1
2019-06-17,3.6.0,win,3188
2019-06-17,3.3.2,osx,1
2019-06-18,3.3.3,osx,59
2019-06-18,3.2.5,src,1
2019-06-18,3.4.0,osx,3
2019-06-18,3.2.4,src,1
2019-06-18,3.4.4,osx,49
2019-06-18,3.4.0,win,4
2019-06-18,2.10.0,osx,1
2019-06-18,3.4.3,win,23
2019-06-18,3.5.2,src,5
2019-06-18,2.12.2,osx,1
2019-06-18,3.1.3,osx,1
2019-06-18,devel,win,131
2019-06-18,2.12.0,osx,2
2019-06-18,2.14.0,osx,1
2019-06-18,3.1.3,win,2
2019-06-18,3.5.1,osx,2
2019-06-18,3.2.1,src,2
2019-06-18,3.2.1,win,9
2019-06-18,3.0.0,osx,1
2019-06-18,latest,"NA",6
2019-06-18,3.2.1,osx,2
2019-06-18,3.3.3,src,1
2019-06-18,3.4.2,osx,1
2019-06-18,3.6.0patched,win,539
2019-06-18,2.13.1,osx,1
2019-06-18,3.4.4,src,3
2019-06-18,3.2.2,win,1
2019-06-18,3.5.0,osx,2
2019-06-18,3.4.1,osx,3
2019-06-18,2.14.2,win,1
2019-06-18,3.3.3,win,52
2019-06-18,3.5.0,src,2
2019-06-18,3.3.1,win,1
2019-06-18,3.2.2,src,1
2019-06-18,2.14.0,win,1
2019-06-18,3.3.0,src,2
2019-06-18,3.4.0,src,1
2019-06-18,3.5.3,win,89
2019-06-18,3.5.2,win,6
2019-06-18,3.4.4,win,16
2019-06-18,3.5.2,osx,13
2019-06-18,3.5.3,osx,111
2019-06-18,3.3.0,win,2
2019-06-18,3.5.0,win,4
2019-06-18,3.6.0,osx,610
2019-06-18,3.0.0,win,1
2019-06-18,3.5.1,src,10
2019-06-18,3.1.0,osx,1
2019-06-18,3.6.0,src,86
2019-06-18,2.13.0,osx,1
2019-06-18,2.13.2,win,3
2019-06-18,3.4.3,src,3
2019-06-18,3.2.3,src,1
2019-06-18,3.4.3,osx,9
2019-06-18,3.4.2,src,2
2019-06-18,3.1.0,win,2
2019-06-18,2.15.2,osx,1
2019-06-18,2.15.3,osx,1
2019-06-18,3.4.1,src,6
2019-06-18,3.5.3,src,14
2019-06-18,2.10.1,osx,1
2019-06-18,3.6.0,win,3046
2019-06-18,3.1.2,src,2
2019-06-18,3.5.1,win,2
2019-06-18,latest,osx,524
2019-06-19,3.5.3,win,49
2019-06-19,3.4.3,src,2
2019-06-19,2.15.3,osx,2
2019-06-19,3.3.0,osx,4
2019-06-19,3.6.0patched,win,673
2019-06-19,3.0.0,osx,1
2019-06-19,2.13.2,osx,4
2019-06-19,3.4.4,win,16
2019-06-19,3.3.2,osx,1
2019-06-19,3.2.1,osx,8
2019-06-19,3.4.3,osx,5
2019-06-19,3.5.2,src,3
2019-06-19,3.2.1,src,3
2019-06-19,3.0.3,src,2
2019-06-19,3.0.1,osx,1
2019-06-19,3.6.0,src,81
2019-06-19,2.14.1,osx,2
2019-06-19,2.15.1,osx,4
2019-06-19,3.1.3,src,1
2019-06-19,3.5.1,src,5
2019-06-19,2.13.1,osx,2
2019-06-19,3.3.1,osx,1
2019-06-19,2.15.0,osx,2
2019-06-19,3.2.3,osx,1
2019-06-19,3.5.1,osx,4
2019-06-19,2.12.2,osx,3
2019-06-19,2.15.2,osx,2
2019-06-19,3.1.0,win,1
2019-06-19,2.11.0,osx,5
2019-06-19,3.5.2,osx,16
2019-06-19,3.2.1,win,1
2019-06-19,3.6.0,win,2987
2019-06-19,3.1.3,osx,4
2019-06-19,3.4.1,win,1
2019-06-19,3.1.0,src,4
2019-06-19,3.3.3,osx,72
2019-06-19,3.5.3,osx,145
2019-06-19,3.1.2,osx,3
2019-06-19,2.14.0,osx,2
2019-06-19,3.4.3,win,24
2019-06-19,3.0.3,osx,1
2019-06-19,latest,src,3
2019-06-19,latest,"NA",6
2019-06-19,3.1.1,osx,1
2019-06-19,2.10.1,osx,2
2019-06-19,2.12.1,osx,3
2019-06-19,3.1.3,win,1
2019-06-19,3.3.3,win,43
2019-06-19,3.4.1,osx,1
2019-06-19,2.14.2,osx,1
2019-06-19,3.3.0,win,4
2019-06-19,3.1.1,src,2
2019-06-19,2.13.0,osx,2
2019-06-19,3.4.2,osx,3
2019-06-19,3.2.4,osx,7
2019-06-19,2.10.0,osx,2
2019-06-19,3.2.2,osx,2
2019-06-19,3.0.0,src,1
2019-06-19,3.2.5,win,2
2019-06-19,3.5.1,win,6
2019-06-19,2.11.0,src,1
2019-06-19,latest,osx,521
2019-06-19,3.2.0,osx,2
2019-06-19,devel,win,76
2019-06-19,2.11.1,osx,2
2019-06-19,3.3.0,src,1
2019-06-19,3.1.2,src,3
2019-06-19,3.4.0,win,1
2019-06-19,3.4.1,src,9
2019-06-19,3.5.2,win,6
2019-06-19,3.4.0,src,2
2019-06-19,3.6.0,osx,471
2019-06-19,3.4.0,osx,2
2019-06-19,3.0.2,src,1
2019-06-19,2.12.0,osx,2
2019-06-19,3.4.2,win,1
2019-06-19,3.0.2,osx,1
2019-06-19,3.2.2,src,1
2019-06-19,3.5.0,src,6
2019-06-19,3.4.4,osx,39
2019-06-19,3.1.0,osx,2
2019-06-19,3.5.0,osx,2
2019-06-19,3.5.3,src,20
2019-06-19,3.4.4,src,2
2019-06-20,3.6.0patched,win,494
2019-06-20,3.0.0,src,4
2019-06-20,3.3.3,osx,71
2019-06-20,3.2.5,win,1
2019-06-20,3.1.3,src,1
2019-06-20,3.4.0,src,6
2019-06-20,3.5.1,src,14
2019-06-20,3.5.0,win,1
2019-06-20,2.12.1,osx,1
2019-06-20,2.14.1,osx,1
2019-06-20,latest,osx,431
2019-06-20,3.1.3,win,1
2019-06-20,3.5.2,win,4
2019-06-20,3.2.0,src,1
2019-06-20,latest,"NA",12
2019-06-20,latest,src,2
2019-06-20,3.2.1,win,6
2019-06-20,3.5.1,win,3
2019-06-20,3.0.2,osx,1
2019-06-20,2.11.1,osx,1
2019-06-20,3.5.3,src,10
2019-06-20,3.5.2,src,2
2019-06-20,3.5.0,osx,2
2019-06-20,2.14.1,win,1
2019-06-20,2.14.0,osx,1
2019-06-20,3.4.3,win,24
2019-06-20,3.3.3,win,55
2019-06-20,3.5.0,src,6
2019-06-20,3.2.5,src,1
2019-06-20,3.1.2,win,1
2019-06-20,3.4.4,osx,37
2019-06-20,3.0.0,win,1
2019-06-20,2.13.1,osx,1
2019-06-20,3.2.1,osx,4
2019-06-20,3.2.1,src,1
2019-06-20,3.6.0,win,2827
2019-06-20,3.6.0,osx,504
2019-06-20,2.15.0,osx,3
2019-06-20,2.10.0,osx,1
2019-06-20,3.3.1,osx,1
2019-06-20,2.15.2,win,1
2019-06-20,3.6.0,src,70
2019-06-20,2.11.0,osx,1
2019-06-20,3.5.1,osx,5
2019-06-20,2.14.2,osx,2
2019-06-20,3.1.2,src,2
2019-06-20,devel,win,88
2019-06-20,3.3.0,src,1
2019-06-20,3.4.2,src,1
2019-06-20,3.5.2,osx,22
2019-06-20,3.4.1,src,16
2019-06-20,3.3.0,win,5
2019-06-20,3.3.1,src,1
2019-06-20,3.3.3,src,2
2019-06-20,3.4.4,win,11
2019-06-20,2.15.1,osx,2
2019-06-20,2.13.0,win,1
2019-06-20,3.4.0,win,3
2019-06-20,3.1.0,src,1
2019-06-20,3.0.2,src,1
2019-06-20,3.4.3,osx,4
2019-06-20,3.2.4,osx,2
2019-06-20,3.5.3,win,59
2019-06-20,3.4.3,src,2
2019-06-20,3.4.4,src,1
2019-06-20,2.15.2,osx,2
2019-06-20,2.11.0,src,1
2019-06-20,3.5.3,osx,162
2019-06-20,3.0.3,src,1
2019-06-20,3.2.3,win,1
2019-06-20,2.15.3,osx,1
2019-06-20,3.4.1,win,1
2019-06-20,3.4.0,osx,2
2019-06-21,2.14.2,osx,1
2019-06-21,2.12.0,osx,1
2019-06-21,3.0.3,win,3
2019-06-21,2.14.2,win,2
2019-06-21,3.3.0,src,3
2019-06-21,3.1.2,win,2
2019-06-21,3.3.2,win,1
2019-06-21,3.5.3,src,5
2019-06-21,2.13.2,osx,1
2019-06-21,2.11.1,osx,2
2019-06-21,3.2.1,src,1
2019-06-21,3.6.0,win,2651
2019-06-21,2.10.1,osx,1
2019-06-21,3.6.0patched,win,558
2019-06-21,3.5.0,osx,3
2019-06-21,3.4.4,src,1
2019-06-21,3.2.4,osx,2
2019-06-21,2.13.0,osx,3
2019-06-21,3.0.0,osx,1
2019-06-21,3.4.4,osx,46
2019-06-21,3.3.3,win,77
2019-06-21,3.5.1,win,3
2019-06-21,3.2.5,win,3
2019-06-21,3.1.0,src,2
2019-06-21,3.6.0patched,"NA",1
2019-06-21,2.13.2,win,2
2019-06-21,3.2.2,osx,1
2019-06-21,3.2.3,win,1
2019-06-21,2.13.1,win,1
2019-06-21,3.2.0,osx,1
2019-06-21,3.3.2,osx,1
2019-06-21,3.4.0,win,2
2019-06-21,3.4.3,osx,3
2019-06-21,2.12.2,osx,2
2019-06-21,2.11.0,osx,3
2019-06-21,3.5.2,win,6
2019-06-21,3.5.3,win,92
2019-06-21,3.5.1,osx,1
2019-06-21,2.10.0,osx,3
2019-06-21,2.15.3,osx,2
2019-06-21,3.0.2,osx,1
2019-06-21,3.1.0,osx,3
2019-06-21,3.5.0,win,1
2019-06-21,latest,osx,389
2019-06-21,3.0.3,osx,1
2019-06-21,3.4.1,osx,2
2019-06-21,3.4.0,osx,4
2019-06-21,2.13.1,osx,2
2019-06-21,3.6.0,osx,451
2019-06-21,3.2.0,win,1
2019-06-21,2.14.0,osx,2
2019-06-21,3.1.2,osx,1
2019-06-21,3.0.2,win,2
2019-06-21,3.1.0,win,1
2019-06-21,2.15.2,osx,2
2019-06-21,3.4.3,win,16
2019-06-21,3.4.2,osx,2
2019-06-21,3.2.3,src,2
2019-06-21,3.4.2,src,1
2019-06-21,2.15.3,win,2
2019-06-21,2.14.1,osx,2
2019-06-21,3.5.2,osx,23
2019-06-21,3.5.3,osx,127
2019-06-21,3.1.1,osx,2
2019-06-21,3.4.1,src,14
2019-06-21,devel,win,119
2019-06-21,3.2.5,src,15
2019-06-21,3.2.1,win,17
2019-06-21,3.0.0,win,2
2019-06-21,3.3.0,win,3
2019-06-21,2.15.1,osx,4
2019-06-21,3.4.4,win,15
2019-06-21,3.6.0,src,64
2019-06-21,2.15.0,osx,2
2019-06-21,3.3.3,src,3
2019-06-21,3.0.1,osx,1
2019-06-21,3.5.1,src,12
2019-06-21,3.1.3,src,2
2019-06-21,3.1.3,osx,4
2019-06-21,3.3.3,osx,64
2019-06-21,devel,"NA",1
2019-06-21,3.2.1,osx,3
2019-06-21,3.0.1,win,3
2019-06-21,2.15.1,win,1
2019-06-21,latest,"NA",13
2019-06-21,3.5.2,src,1
2019-06-22,2.13.1,osx,1
2019-06-22,3.0.3,osx,1
2019-06-22,3.6.0,osx,269
2019-06-22,3.5.0,win,4
2019-06-22,3.3.3,osx,42
2019-06-22,2.12.0,osx,3
2019-06-22,3.2.4,src,1
2019-06-22,2.15.1,osx,3
2019-06-22,3.3.2,src,4
2019-06-22,3.0.3,win,1
2019-06-22,3.0.2,osx,1
2019-06-22,3.2.1,osx,3
2019-06-22,3.6.0,src,40
2019-06-22,3.3.0,src,1
2019-06-22,3.2.4,osx,2
2019-06-22,devel,win,99
2019-06-22,3.6.0,win,1499
2019-06-22,2.14.2,osx,2
2019-06-22,3.5.3,src,2
2019-06-22,3.4.3,win,18
2019-06-22,3.4.2,osx,1
2019-06-22,3.5.1,win,1
2019-06-22,3.4.0,win,1
2019-06-22,3.2.3,win,1
2019-06-22,3.2.5,win,2
2019-06-22,2.12.0,src,1
2019-06-22,3.2.1,win,11
2019-06-22,3.3.3,win,20
2019-06-22,3.5.3,win,103
2019-06-22,3.6.0patched,win,218
2019-06-22,3.1.0,osx,1
2019-06-22,3.5.0,osx,2
2019-06-22,3.4.4,src,2
2019-06-22,3.2.1,src,1
2019-06-22,2.13.0,osx,1
2019-06-22,3.5.0,src,1
2019-06-22,3.4.4,osx,31
2019-06-22,2.13.2,osx,1
2019-06-22,latest,"NA",2
2019-06-22,3.4.3,osx,2
2019-06-22,3.5.2,win,2
2019-06-22,3.3.2,win,1
2019-06-22,2.10.1,osx,1
2019-06-22,2.14.1,osx,2
2019-06-22,2.11.0,osx,1
2019-06-22,3.2.5,src,1
2019-06-22,2.12.2,osx,1
2019-06-22,3.3.3,src,4
2019-06-22,3.5.1,osx,8
2019-06-22,2.15.3,osx,2
2019-06-22,3.3.2,osx,1
2019-06-22,3.4.1,src,3
2019-06-22,3.0.1,osx,1
2019-06-22,3.5.1,src,3
2019-06-22,3.5.2,osx,7
2019-06-22,3.5.3,osx,80
2019-06-22,3.4.4,win,11
2019-06-22,latest,src,1
2019-06-22,2.15.3,win,2
2019-06-22,3.5.2,src,2
2019-06-22,2.15.2,osx,1
2019-06-22,3.0.2,win,3
2019-06-22,3.2.0,osx,1
2019-06-22,3.4.1,osx,2
2019-06-22,2.12.1,osx,1
2019-06-22,3.3.0,win,1
2019-06-22,3.4.0,osx,1
2019-06-22,3.2.4revised,win,1
2019-06-22,3.2.2,src,1
2019-06-22,latest,osx,246
2019-06-22,2.14.0,osx,1
2019-06-23,3.3.0,src,1
2019-06-23,latest,osx,259
2019-06-23,3.6.0,win,1418
2019-06-23,2.12.1,osx,1
2019-06-23,3.5.1,osx,1
2019-06-23,2.11.1,osx,1
2019-06-23,2.15.0,win,1
2019-06-23,3.5.2,win,3
2019-06-23,2.11.0,osx,2
2019-06-23,2.12.2,osx,1
2019-06-23,3.5.1,win,1
2019-06-23,3.2.5,win,1
2019-06-23,3.5.3,osx,76
2019-06-23,3.5.2,src,5
2019-06-23,3.1.2,src,2
2019-06-23,3.4.1,win,1
2019-06-23,3.3.3,win,9
2019-06-23,3.4.2,osx,2
2019-06-23,3.4.3,win,20
2019-06-23,3.5.0,osx,1
2019-06-23,3.6.0patched,win,184
2019-06-23,3.5.3,src,1
2019-06-23,3.2.1,src,1
2019-06-23,3.5.2,osx,3
2019-06-23,2.15.1,win,1
2019-06-23,3.3.1,win,1
2019-06-23,3.2.1,win,6
2019-06-23,3.2.1,osx,5
2019-06-23,3.4.3,osx,2
2019-06-23,3.4.4,osx,37
2019-06-23,latest,src,1
2019-06-23,2.15.3,src,3
2019-06-23,2.12.0,osx,2
2019-06-23,3.2.0,src,1
2019-06-23,3.6.0,src,43
2019-06-23,2.13.2,win,1
2019-06-23,3.3.2,win,1
2019-06-23,3.3.3,osx,54
2019-06-23,2.15.2,win,1
2019-06-23,3.5.1,src,4
2019-06-23,2.15.3,win,1
2019-06-23,3.4.1,src,1
2019-06-23,3.0.2,osx,1
2019-06-23,3.6.0,osx,262
2019-06-23,3.2.3,src,1
2019-06-23,3.5.0,win,1
2019-06-23,devel,win,72
2019-06-23,3.5.3,win,41
2019-06-23,3.4.0,osx,2
2019-06-24,3.2.2,src,3
2019-06-24,2.10.1,osx,3
2019-06-24,2.15.0,win,1
2019-06-24,2.13.0,osx,2
2019-06-24,3.2.0,osx,2
2019-06-24,3.0.2,osx,4
2019-06-24,2.15.3,osx,3
2019-06-24,3.5.3,win,30
2019-06-24,3.5.2,win,1
2019-06-24,latest,osx,411
2019-06-24,3.4.1,src,7
2019-06-24,3.5.3,osx,109
2019-06-24,3.5.2,osx,18
2019-06-24,3.4.2,src,2
2019-06-24,2.15.2,osx,4
2019-06-24,3.6.0,src,93
2019-06-24,devel,win,73
2019-06-24,3.1.3,osx,7
2019-06-24,3.3.3,osx,47
2019-06-24,2.15.0,osx,3
2019-06-24,3.2.3,osx,2
2019-06-24,3.4.3,win,24
2019-06-24,3.4.2,osx,4
2019-06-24,3.5.3,src,12
2019-06-24,2.11.1,osx,1
2019-06-24,3.5.2,src,6
2019-06-24,3.4.1,osx,2
2019-06-24,latest,src,1
2019-06-24,3.2.2,osx,3
2019-06-24,3.2.5,src,7
2019-06-24,2.14.1,osx,1
2019-06-24,3.3.3,src,3
2019-06-24,2.14.2,osx,4
2019-06-24,2.10.0,osx,3
2019-06-24,3.6.0,osx,664
2019-06-24,3.0.0,osx,1
2019-06-24,3.6.0,win,2747
2019-06-24,3.2.3,win,1
2019-06-24,2.15.3,src,1
2019-06-24,3.4.3,osx,5
2019-06-24,3.4.2,win,1
2019-06-24,3.0.2,src,1
2019-06-24,3.1.0,src,1
2019-06-24,3.4.4,osx,30
2019-06-24,3.5.0,src,5
2019-06-24,3.2.1,osx,13
2019-06-24,3.3.0,osx,2
2019-06-24,3.2.4,osx,9
2019-06-24,2.2.1,src,1
2019-06-24,3.1.2,src,1
2019-06-24,3.0.3,src,1
2019-06-24,3.1.1,osx,4
2019-06-24,3.3.1,osx,3
2019-06-24,3.3.2,src,1
2019-06-24,2.15.1,osx,5
2019-06-24,3.4.4,win,6
2019-06-24,3.2.1,win,14
2019-06-24,3.5.1,src,10
2019-06-24,3.0.1,osx,3
2019-06-24,3.1.1,src,1
2019-06-24,3.0.3,osx,3
2019-06-24,3.1.2,osx,5
2019-06-24,2.14.0,osx,3
2019-06-24,2.12.1,osx,4
2019-06-24,2.11.0,osx,5
2019-06-24,2.12.2,osx,3
2019-06-24,3.5.1,osx,4
2019-06-24,3.5.0,win,3
2019-06-24,2.13.2,win,1
2019-06-24,3.3.2,osx,4
2019-06-24,3.6.0patched,win,623
2019-06-24,3.4.4,src,3
2019-06-24,3.5.0,osx,6
2019-06-24,3.5.1,win,5
2019-06-24,3.3.2,win,2
2019-06-24,2.13.2,osx,3
2019-06-24,2.12.0,osx,2
2019-06-24,3.3.0,src,1
2019-06-24,3.0.3,win,1
2019-06-24,3.3.3,win,34
2019-06-24,3.1.0,osx,4
2019-06-24,3.2.0,win,1
2019-06-24,2.13.1,osx,3
2019-06-24,3.4.0,osx,4
2019-06-25,3.6.0patched,win,575
2019-06-25,3.1.2,src,2
2019-06-25,3.4.3,src,1
2019-06-25,devel,win,101
2019-06-25,3.5.0,win,2
2019-06-25,3.1.0,win,1
2019-06-25,2.15.3,osx,1
2019-06-25,3.0.3,src,1
2019-06-25,3.4.0,osx,2
2019-06-25,3.0.3,osx,1
2019-06-25,devel,"NA",1
2019-06-25,3.5.2,win,6
2019-06-25,3.2.2,src,2
2019-06-25,2.13.0,osx,1
2019-06-25,3.3.3,win,61
2019-06-25,2.12.0,src,1
2019-06-25,3.5.3,win,100
2019-06-25,3.2.4,osx,4
2019-06-25,3.1.3,src,1
2019-06-25,3.3.3,src,3
2019-06-25,2.12.1,osx,1
2019-06-25,3.1.0,src,1
2019-06-25,3.2.5,src,1
2019-06-25,3.6.0,osx,612
2019-06-25,2.14.1,osx,1
2019-06-25,3.4.4,src,1
2019-06-25,3.5.0,osx,1
2019-06-25,latest,osx,439
2019-06-25,latest,"NA",2
2019-06-25,3.3.2,win,1
2019-06-25,3.4.2,src,1
2019-06-25,3.3.0,src,3
2019-06-25,3.2.2,win,3
2019-06-25,3.1.2,win,1
2019-06-25,3.4.3,win,25
2019-06-25,3.3.3,osx,66
2019-06-25,3.6.0patched,"NA",1
2019-06-25,3.5.1,win,4
2019-06-25,3.2.3,osx,1
2019-06-25,3.5.0,src,2
2019-06-25,3.4.4,osx,39
2019-06-25,3.2.1,osx,6
2019-06-25,2.15.3,src,1
2019-06-25,3.1.0,osx,1
2019-06-25,3.4.3,osx,3
2019-06-25,3.5.3,src,10
2019-06-25,3.5.3,osx,166
2019-06-25,3.4.2,win,1
2019-06-25,3.4.1,src,8
2019-06-25,2.15.0,osx,2
2019-06-25,3.6.0,win,3017
2019-06-25,2.12.0,osx,1
2019-06-25,2.14.1,win,1
2019-06-25,latest,src,1
2019-06-25,3.6.1beta,win,1
2019-06-25,2.11.1,osx,2
2019-06-25,3.5.1,src,29
2019-06-25,3.5.2,src,4
2019-06-25,3.6.0,src,77
2019-06-25,3.5.2,osx,26
2019-06-25,2.11.0,osx,2
2019-06-25,3.4.4,win,14
2019-06-25,3.0.3,win,2
2019-06-25,3.2.1,win,25
2019-06-26,3.2.4,osx,1
2019-06-26,3.5.2,osx,16
2019-06-26,3.1.0,osx,1
2019-06-26,3.2.3,osx,1
2019-06-26,3.4.2,osx,2
2019-06-26,3.4.3,win,18
2019-06-26,3.0.2,osx,1
2019-06-26,3.5.3,osx,89
2019-06-26,2.14.1,osx,1
2019-06-26,devel,win,51
2019-06-26,3.4.1,win,2
2019-06-26,3.2.3,win,1
2019-06-26,latest,osx,302
2019-06-26,3.4.2,src,2
2019-06-26,3.5.0,src,5
2019-06-26,2.13.1,osx,1
2019-06-26,3.6.0,win,3064
2019-06-26,3.1.2,osx,1
2019-06-26,3.1.1,win,1
2019-06-26,3.2.5,win,2
2019-06-26,3.2.3,src,1
2019-06-26,3.4.4,osx,29
2019-06-26,2.10.0,osx,1
2019-06-26,3.6.0,src,103
2019-06-26,3.3.3,osx,94
2019-06-26,3.1.3,osx,3
2019-06-26,3.0.3,src,1
2019-06-26,3.1.2,src,1
2019-06-26,3.4.1,src,8
2019-06-26,2.15.2,osx,1
2019-06-26,3.2.1,osx,9
2019-06-26,2.12.1,osx,1
2019-06-26,3.3.2,win,2
2019-06-26,2.15.1,osx,5
2019-06-26,3.4.0,osx,1
2019-06-26,3.2.0,src,2
2019-06-26,3.3.0,src,1
2019-06-26,2.9.2,src,2
2019-06-26,3.4.4,win,5
2019-06-26,3.2.2,src,1
2019-06-26,3.2.1,win,12
2019-06-26,3.2.0,osx,1
2019-06-26,3.3.3,src,1
2019-06-26,2.14.0,osx,1
2019-06-26,3.5.3,src,13
2019-06-26,3.5.1,win,2
2019-06-26,3.6.0,osx,554
2019-06-26,3.5.1,src,11
2019-06-26,3.0.1,win,1
2019-06-26,3.3.2,osx,2
2019-06-26,3.1.1,src,2
2019-06-26,3.0.1,osx,1
2019-06-26,3.4.3,src,2
2019-06-26,3.2.1,src,1
2019-06-26,3.4.2,win,1
2019-06-26,3.3.1,osx,1
2019-06-26,latest,"NA",6
2019-06-26,3.1.1,osx,2
2019-06-26,3.6.1beta,win,4
2019-06-26,3.5.0,win,4
2019-06-26,2.13.2,win,1
2019-06-26,2.11.1,osx,1
2019-06-26,3.4.0,win,2
2019-06-26,3.0.0,osx,1
2019-06-26,2.9.1,src,1
2019-06-26,3.0.3,win,2
2019-06-26,3.4.0,src,3
2019-06-26,3.5.2,src,7
2019-06-26,2.12.2,osx,2
2019-06-26,3.5.3,win,66
2019-06-26,3.0.3,osx,2
2019-06-26,3.1.3,win,1
2019-06-26,3.4.3,osx,3
2019-06-26,2.15.0,osx,1
2019-06-26,3.2.2,osx,1
2019-06-26,3.6.0patched,win,305
2019-06-26,2.11.0,osx,1
2019-06-26,3.5.2,win,6
2019-06-26,3.4.1,osx,1
2019-06-26,3.5.0,osx,4
2019-06-26,2.15.3,osx,1
2019-06-26,3.0.1,src,2
2019-06-26,2.12.0,osx,1
2019-06-26,3.4.4,src,6
2019-06-26,2.10.1,osx,1
2019-06-26,3.5.1,osx,1
2019-06-26,2.14.2,osx,1
2019-06-26,2.13.2,osx,2
2019-06-26,3.3.3,win,61
2019-06-27,3.6.0,win,3005
2019-06-27,3.3.2,osx,1
2019-06-27,3.2.0,src,1
2019-06-27,3.4.2,osx,1
2019-06-27,devel,win,71
2019-06-27,3.3.1,src,2
2019-06-27,2.13.0,win,1
2019-06-27,3.2.3,win,1
2019-06-27,3.1.1,src,1
2019-06-27,3.6.1beta,win,3
2019-06-27,2.7.1,src,4
2019-06-27,3.0.3,osx,1
2019-06-27,2.14.0,osx,3
2019-06-27,3.3.1,osx,1
2019-06-27,3.1.2,osx,1
2019-06-27,3.2.4revised,win,1
2019-06-27,3.4.3,osx,4
2019-06-27,3.4.2,win,1
2019-06-27,2.12.1,osx,1
2019-06-27,3.1.3,osx,1
2019-06-27,3.3.3,osx,86
2019-06-27,latest,"NA",1
2019-06-27,2.15.0,osx,2
2019-06-27,latest,src,3
2019-06-27,2.14.2,osx,2
2019-06-27,2.13.1,osx,3
2019-06-27,3.2.0,win,1
2019-06-27,3.3.0,osx,4
2019-06-27,3.2.2,src,3
2019-06-27,3.4.0,osx,4
2019-06-27,latest,osx,372
2019-06-27,3.4.0,src,2
2019-06-27,3.4.1,src,5
2019-06-27,3.5.3,osx,102
2019-06-27,3.5.2,osx,6
2019-06-27,3.0.2,win,1
2019-06-27,2.15.2,osx,3
2019-06-27,3.1.0,win,1
2019-06-27,3.4.1,osx,3
2019-06-27,3.1.3,src,3
2019-06-27,3.5.2,src,3
2019-06-27,2.14.1,osx,1
2019-06-27,3.4.0,win,4
2019-06-27,3.2.4,osx,7
2019-06-27,3.2.0,osx,1
2019-06-27,3.0.2,osx,1
2019-06-27,3.0.0,win,2
2019-06-27,3.2.5,src,1
2019-06-27,3.1.0,osx,1
2019-06-27,2.15.3,osx,1
2019-06-27,3.4.3,src,3
2019-06-27,2.1.0,src,1
2019-06-27,3.5.3,win,45
2019-06-27,3.5.2,win,4
2019-06-27,2.10.1,osx,2
2019-06-27,3.1.1,win,1
2019-06-27,2.15.2,src,2
2019-06-27,3.2.5,win,1
2019-06-27,3.4.4,osx,54
2019-06-27,3.1.3,win,1
2019-06-27,3.3.3,win,48
2019-06-27,2.14.2,win,1
2019-06-27,2.13.0,osx,1
2019-06-27,3.5.3,src,31
2019-06-27,3.0.3,src,2
2019-06-27,2.11.1,osx,2
2019-06-27,3.4.3,win,22
2019-06-27,3.6.0,osx,635
2019-06-27,3.2.4,src,1
2019-06-27,2.12.0,osx,2
2019-06-27,3.3.0,win,3
2019-06-27,3.0.1,win,2
2019-06-27,3.1.2,win,2
2019-06-27,3.3.1,win,1
2019-06-27,3.0.3,win,2
2019-06-27,3.0.0,osx,1
2019-06-27,3.6.0,src,158
2019-06-27,3.6.0patched,win,537
2019-06-27,3.4.4,src,4
2019-06-27,3.5.0,osx,3
2019-06-27,3.2.1,src,1
2019-06-27,3.2.1,osx,7
2019-06-27,3.0.1,osx,1
2019-06-27,3.5.1,src,12
2019-06-27,3.5.1,win,3
2019-06-27,2.4.0,src,1
2019-06-27,3.2.1,win,11
2019-06-27,3.3.2,win,2
2019-06-27,2.15.1,osx,2
2019-06-27,2.13.2,osx,2
2019-06-27,3.4.4,win,11
2019-06-27,2.11.0,osx,3
2019-06-27,2.12.2,osx,1
2019-06-27,3.5.1,osx,3
2019-06-27,3.2.3,osx,1
2019-06-27,3.2.2,win,1
2019-06-27,2.10.0,osx,4
2019-06-27,3.4.1,win,1
2019-06-27,3.5.0,win,7
2019-06-27,2.15.1,src,1
2019-06-28,2.13.0,osx,2
2019-06-28,3.4.3,osx,3
2019-06-28,3.4.2,win,2
2019-06-28,3.2.0,src,3
2019-06-28,2.12.0,osx,1
2019-06-28,3.4.3,win,16
2019-06-28,3.2.3,osx,1
2019-06-28,2.12.2,osx,2
2019-06-28,3.1.3,osx,3
2019-06-28,3.5.3,win,82
2019-06-28,2.15.1,win,1
2019-06-28,3.4.4,osx,60
2019-06-28,3.5.0,src,1
2019-06-28,3.1.2,src,1
2019-06-28,3.2.1,osx,8
2019-06-28,2.14.2,osx,1
2019-06-28,3.5.3,src,11
2019-06-28,3.6.0,src,69
2019-06-28,3.3.2,src,2
2019-06-28,2.11.1,osx,1
2019-06-28,3.3.3,osx,76
2019-06-28,3.3.3,win,47
2019-06-28,2.11.0,osx,4
2019-06-28,3.1.1,src,1
2019-06-28,2.15.1,osx,3
2019-06-28,3.5.2,src,1
2019-06-28,3.6.1beta,win,2
2019-06-28,3.2.2,osx,1
2019-06-28,3.4.0,src,1
2019-06-28,3.5.2,osx,12
2019-06-28,latest,osx,423
2019-06-28,3.6.0,osx,466
2019-06-28,3.2.2,src,2
2019-06-28,3.4.1,src,14
2019-06-28,2.13.2,osx,2
2019-06-28,3.5.0,win,4
2019-06-28,devel,win,99
2019-06-28,3.3.3,src,4
2019-06-28,latest,"NA",3
2019-06-28,2.14.1,osx,2
2019-06-28,3.6.1beta,"NA",1
2019-06-28,2.15.2,osx,2
2019-06-28,3.4.4,win,18
2019-06-28,3.1.0,osx,2
2019-06-28,3.4.0,win,1
2019-06-28,3.2.3,src,1
2019-06-28,3.5.2,win,1
2019-06-28,3.2.1,win,8
2019-06-28,devel,"NA",1
2019-06-28,3.1.1,osx,2
2019-06-28,3.3.2,osx,1
2019-06-28,3.5.1,src,10
2019-06-28,2.13.2,win,1
2019-06-28,3.0.2,osx,1
2019-06-28,3.4.3,src,3
2019-06-28,3.5.1,win,5
2019-06-28,2.12.1,osx,2
2019-06-28,2.10.0,osx,2
2019-06-28,3.2.4,osx,3
2019-06-28,3.0.3,osx,1
2019-06-28,3.5.3,osx,147
2019-06-28,3.2.4revised,win,3
2019-06-28,2.14.0,osx,2
2019-06-28,2.15.3,osx,2
2019-06-28,3.1.2,osx,3
2019-06-28,3.5.0,osx,5
2019-06-28,3.0.1,osx,1
2019-06-28,3.3.0,osx,1
2019-06-28,2.10.1,osx,2
2019-06-28,3.2.0,osx,1
2019-06-28,2.13.0,src,1
2019-06-28,3.0.0,osx,1
2019-06-28,3.6.0,win,2293
2019-06-28,3.3.0,src,1
2019-06-28,3.3.1,osx,1
2019-06-28,2.13.1,osx,3
2019-06-28,3.5.1,osx,1
2019-06-28,3.6.0patched,win,741
2019-06-28,3.1.3,src,4
2019-06-28,3.1.0,win,2
2019-06-28,3.3.0,win,1
2019-06-28,3.4.1,win,1
2019-06-28,3.4.2,src,1
2019-06-28,2.15.0,osx,2
2019-06-29,3.6.0,osx,234
2019-06-29,3.3.3,win,21
2019-06-29,3.5.0,win,1
2019-06-29,2.12.2,osx,3
2019-06-29,2.15.3,osx,2
2019-06-29,2.11.0,osx,2
2019-06-29,3.5.1,osx,2
2019-06-29,3.1.1,osx,1
2019-06-29,3.0.1,osx,1
2019-06-29,3.5.1,src,4
2019-06-29,3.2.1,win,5
2019-06-29,3.4.4,win,15
2019-06-29,2.15.1,osx,3
2019-06-29,3.1.2,osx,1
2019-06-29,2.14.0,osx,2
2019-06-29,3.2.0,osx,1
2019-06-29,3.2.1,osx,5
2019-06-29,3.0.3,osx,1
2019-06-29,3.4.4,osx,63
2019-06-29,latest,"NA",1
2019-06-29,2.12.1,osx,2
2019-06-29,3.2.4revised,win,1
2019-06-29,3.2.4,osx,3
2019-06-29,3.4.0,win,1
2019-06-29,2.12.0,osx,2
2019-06-29,3.6.0,win,1334
2019-06-29,3.0.0,osx,1
2019-06-29,2.8.1,src,1
2019-06-29,3.2.2,win,1
2019-06-29,2.14.0,win,2
2019-06-29,3.3.0,src,1
2019-06-29,2.15.3,src,1
2019-06-29,3.4.3,osx,4
2019-06-29,3.4.1,win,1
2019-06-29,3.4.4,src,12
2019-06-29,3.5.0,osx,5
2019-06-29,3.6.0patched,win,245
2019-06-29,latest,src,1
2019-06-29,3.2.2,osx,1
2019-06-29,3.4.0,src,3
2019-06-29,2.11.1,osx,4
2019-06-29,3.5.3,src,7
2019-06-29,3.6.1rc,win,1
2019-06-29,3.4.1,osx,1
2019-06-29,3.4.2,osx,2
2019-06-29,3.4.3,win,24
2019-06-29,3.2.3,osx,1
2019-06-29,3.5.1,win,1
2019-06-29,2.10.0,osx,1
2019-06-29,2.14.2,osx,1
2019-06-29,3.1.3,src,10
2019-06-29,3.2.3,src,1
2019-06-29,2.15.2,osx,1
2019-06-29,3.4.1,src,4
2019-06-29,3.5.3,osx,80
2019-06-29,3.5.2,osx,7
2019-06-29,2.13.2,osx,2
2019-06-29,3.4.0,osx,3
2019-06-29,latest,osx,282
2019-06-29,2.13.1,osx,2
2019-06-29,2.15.0,osx,3
2019-06-29,3.3.3,osx,65
2019-06-29,3.1.0,osx,2
2019-06-29,3.1.3,osx,2
2019-06-29,devel,win,65
2019-06-29,3.6.0,src,51
2019-06-29,2.13.0,osx,2
2019-06-29,3.2.5,win,2
2019-06-29,2.10.1,osx,1
2019-06-29,3.5.3,win,25
2019-06-29,3.5.2,win,1
2019-06-29,3.3.2,osx,1
2019-06-30,2.13.2,osx,3
2019-06-30,3.5.1,osx,4
2019-06-30,3.4.3,osx,3
2019-06-30,3.4.1,osx,2
2019-06-30,3.5.3,src,1
2019-06-30,2.11.1,osx,2
2019-06-30,2.15.2,osx,2
2019-06-30,3.4.3,win,7
2019-06-30,3.4.2,osx,2
2019-06-30,3.2.3,osx,2
2019-06-30,3.2.0,osx,2
2019-06-30,3.0.3,osx,1
2019-06-30,3.4.0,src,1
2019-06-30,3.2.2,osx,2
2019-06-30,2.14.0,osx,3
2019-06-30,3.1.2,osx,4
2019-06-30,3.2.4revised,win,1
2019-06-30,3.4.0,osx,5
2019-06-30,3.2.2,src,1
2019-06-30,2.12.1,osx,3
2019-06-30,2.14.1,osx,3
2019-06-30,2.13.1,osx,3
2019-06-30,3.2.5,win,1
2019-06-30,3.2.4,osx,4
2019-06-30,3.6.0,osx,276
2019-06-30,3.3.3,win,15
2019-06-30,2.10.0,osx,3
2019-06-30,2.14.2,osx,4
2019-06-30,2.13.0,osx,1
2019-06-30,3.6.1rc,win,2
2019-06-30,3.5.3,osx,51
2019-06-30,3.5.2,osx,3
2019-06-30,2.10.1,osx,3
2019-06-30,3.1.2,src,1
2019-06-30,2.12.0,osx,3
2019-06-30,3.5.1,win,1
2019-06-30,3.1.3,osx,6
2019-06-30,latest,osx,217
2019-06-30,3.1.1,osx,4
2019-06-30,3.3.3,osx,49
2019-06-30,3.3.1,osx,2
2019-06-30,3.0.1,osx,1
2019-06-30,3.5.1,src,4
2019-06-30,3.3.0,src,1
2019-06-30,3.2.1,win,7
2019-06-30,2.15.1,osx,5
2019-06-30,3.6.0,src,51
2019-06-30,3.6.0patched,win,238
2019-06-30,3.4.4,win,3
2019-06-30,2.15.0,osx,3
2019-06-30,devel,win,61
2019-06-30,3.2.1,osx,5
2019-06-30,3.5.0,src,2
2019-06-30,3.5.0,osx,5
2019-06-30,3.4.4,src,1
2019-06-30,3.4.4,osx,40
2019-06-30,3.4.1,src,1
2019-06-30,3.0.1,win,1
2019-06-30,3.4.2,src,1
2019-06-30,3.0.2,osx,2
2019-06-30,3.0.0,osx,2
2019-06-30,2.11.0,osx,4
2019-06-30,2.15.2,win,1
2019-06-30,3.1.0,osx,4
2019-06-30,3.3.0,osx,1
2019-06-30,3.6.0,win,1400
2019-06-30,2.15.3,osx,3
2019-06-30,2.12.2,osx,2
2019-06-30,3.3.2,osx,2
2019-06-30,3.5.2,win,4
2019-06-30,3.5.3,win,52
2019-07-01,3.5.3,win,96
2019-07-01,latest,"NA",1
2019-07-01,3.0.0,osx,2
2019-07-01,3.5.2,win,1
2019-07-01,3.4.3,osx,4
2019-07-01,3.5.1,win,1
2019-07-01,2.13.0,osx,5
2019-07-01,3.3.2,src,1
2019-07-01,3.0.2,win,1
2019-07-01,3.3.1,osx,2
2019-07-01,2.12.0,osx,5
2019-07-01,3.0.1,osx,2
2019-07-01,2.12.1,osx,5
2019-07-01,3.5.1,src,12
2019-07-01,2.13.1,win,1
2019-07-01,2.11.0,src,2
2019-07-01,3.2.1,win,15
2019-07-01,2.15.1,osx,6
2019-07-01,3.4.0,osx,11
2019-07-01,3.2.0,osx,2
2019-07-01,3.6.0,src,117
2019-07-01,3.2.1,osx,6
2019-07-01,2.15.1,win,1
2019-07-01,2.14.2,win,1
2019-07-01,3.5.0,src,5
2019-07-01,3.3.3,win,34
2019-07-01,3.6.0,win,2912
2019-07-01,3.1.1,src,13
2019-07-01,3.0.3,osx,1
2019-07-01,3.3.3,src,2
2019-07-01,3.1.3,osx,5
2019-07-01,3.2.5,win,1
2019-07-01,3.2.2,src,1
2019-07-01,3.4.4,win,7
2019-07-01,3.4.1,win,1
2019-07-01,3.1.2,osx,4
2019-07-01,2.14.0,osx,4
2019-07-01,3.1.2,src,2
2019-07-01,2.15.0,src,2
2019-07-01,2.14.1,osx,5
2019-07-01,2.10.0,osx,3
2019-07-01,3.3.2,osx,2
2019-07-01,3.6.0,osx,577
2019-07-01,2.10.1,osx,3
2019-07-01,3.4.4,osx,41
2019-07-01,3.4.1,src,17
2019-07-01,3.3.3,osx,59
2019-07-01,3.2.1,src,1
2019-07-01,3.2.2,win,1
2019-07-01,devel,win,102
2019-07-01,3.6.0patched,win,665
2019-07-01,2.15.2,osx,6
2019-07-01,2.13.2,win,1
2019-07-01,2.14.2,osx,5
2019-07-01,3.5.2,src,5
2019-07-01,3.5.3,src,18
2019-07-01,3.0.3,win,2
2019-07-01,2.11.1,osx,4
2019-07-01,3.1.1,osx,2
2019-07-01,3.5.2,osx,10
2019-07-01,3.2.3,src,1
2019-07-01,3.4.1,osx,3
2019-07-01,2.13.2,osx,5
2019-07-01,2.15.3,osx,5
2019-07-01,3.4.4,src,3
2019-07-01,3.4.3,src,3
2019-07-01,2.15.2,src,2
2019-07-01,3.5.3,osx,191
2019-07-01,3.0.2,osx,1
2019-07-01,3.4.3,win,19
2019-07-01,3.4.2,src,1
2019-07-01,3.4.2,osx,2
2019-07-01,3.1.0,osx,3
2019-07-01,2.13.1,osx,4
2019-07-01,3.5.1,osx,2
2019-07-01,3.2.3,osx,2
2019-07-01,3.5.0,osx,5
2019-07-01,3.2.4,osx,5
2019-07-01,3.6.1rc,win,1
2019-07-01,2.11.0,osx,8
2019-07-01,latest,src,2
2019-07-01,3.2.4,src,1
2019-07-01,3.3.0,osx,1
2019-07-01,2.12.2,osx,6
2019-07-01,latest,osx,456
2019-07-01,3.4.0,src,1
2019-07-01,2.15.0,osx,4
2019-07-01,3.2.2,osx,1
2019-07-01,3.5.0,win,5
